Year,State:,final_didnotvote_weight,final_didvote_weight,segment_size,voterturnout,standard_error
2000,Alabama,273977.1507999998,375149.7251999999,649126.8759999997,0.5779297377297318,0.0006130065326576898
2000,Alaska,7273.990400000001,26834.42019999999,34108.41059999999,0.7867390983032202,0.002217891243134164
2000,Arizona,193032.1315,406122.0321,599154.1636,0.6778256027794715,0.000603719503179289
2000,Arkansas,197868.16299999994,262871.2872999999,460739.45029999985,0.5705421733017161,0.0007292499988885799
2000,California,983230.1722999997,2316588.4908999987,3299818.6631999984,0.7020350896050414,0.00025177750992012204
2000,Colorado,117852.0549,318632.13209999993,436484.1869999999,0.7299969657320026,0.0006719865684279414
2000,Connecticut,123049.59319999997,388327.6941,511377.28729999997,0.7593761079032577,0.0005977603720914228
2000,Delaware,37182.0911,79429.44950000002,116611.54060000001,0.6811457004282131,0.0013647257376312384
2000,District of Columbia,34462.272800000006,39624.12839999999,74086.4012,0.5348367279041216,0.0018325003675486473
2000,Florida,760596.7399000002,1889450.6699000015,2650047.4098000014,0.7129874970963626,0.00027788464085541734
2000,Georgia,318521.24079999985,430722.5348999999,749243.7756999998,0.5748763604977387,0.0005711277745246112
2000,Hawaii,75004.4442,73125.84059999998,148130.28479999996,0.4936589482611998,0.0012990119538255633
2000,Idaho,39334.45249999999,104421.35109999996,143755.80359999996,0.7263800729085833,0.0011758261886424403
2000,Illinois,545059.6270999998,1036776.575699999,1581836.2027999987,0.6554260004068734,0.0003778525255452216
2000,Indiana,299998.51730000007,602456.2202,902454.7375,0.6675749986851833,0.0004958886369880101
2000,Iowa,131964.49209999997,358175.10199999984,490139.5940999998,0.7307614122823218,0.0006335728547204528
2000,Kansas,95362.17039999999,307836.88220000005,403199.05260000005,0.7634861248183399,0.0006692203440319423
2000,Kentucky,224762.81660000002,366787.5905999999,591550.4071999999,0.6200445239081562,0.0006310763621609548
2000,Louisiana,223789.3167999999,366567.52129999996,590356.8380999998,0.6209253414930506,0.0006314293569356515
2000,Maine,43875.72290000001,155757.70939999993,199633.43229999993,0.7802185616181483,0.0009268020972573211
2000,Maryland,239987.4605,511436.6785,751424.139,0.6806231686682612,0.0005378516397217642
2000,Massachusetts,274424.4791,713053.7659999997,987478.2450999997,0.7220956710066968,0.000450797250349183
2000,Michigan,309332.1079,898613.3709999993,1207945.4788999993,0.743918816450483,0.00039712565095584925
2000,Minnesota,136635.19019999995,503445.31820000015,640080.5084000002,0.7865343680882504,0.0005121598534786637
2000,Mississippi,144616.88049999997,259955.7642,404572.64469999995,0.64254409586383,0.0007534673691418527
2000,Missouri,187814.59870000003,633698.6045000001,821513.2032000001,0.7713796954590444,0.00046332339194902285
2000,Montana,27755.824199999992,105557.40130000001,133313.2255,0.7917999201062014,0.0011120173277255215
2000,Nebraska,56402.53669999999,201063.13390000013,257465.67060000013,0.7809318167794601,0.0008151481491590365
2000,Nevada,82599.8554,148380.66820000001,230980.52360000001,0.6423947174739195,0.000997275758655497
2000,New Hampshire,45526.43869999999,137316.77949999998,182843.21819999997,0.7510083275268012,0.0010112891766123576
2000,New Jersey,411581.9865999998,763632.1158999995,1175214.1024999993,0.6497812732807977,0.00044004265933680073
2000,New Mexico,84078.39489999998,151962.12309999988,236040.51799999987,0.6437967700952086,0.0009856666076666438
2000,New York,841415.3953999993,1590751.4465000003,2432166.8418999994,0.6540470082460755,0.0003050115922104674
2000,North Carolina,451785.31479999993,642251.5353,1094036.8501,0.5870474429095284,0.00047072872950003027
2000,North Dakota,33424.5517,65383.218900000036,98807.77060000005,0.6617214263915393,0.001505148304573983
2000,Ohio,645613.9942,1211930.081100001,1857544.075300001,0.6524367831779546,0.000349394898244829
2000,Oklahoma,185665.91460000002,325646.3817000002,511312.2963000002,0.6368835329337259,0.0006725272152392967
2000,Oregon,96229.7736,322237.6710000001,418467.4446000001,0.7700423895770839,0.0006505045993810472
2000,Pennsylvania,779858.9749,1316866.2618000011,2096725.2367000012,0.6280585737941485,0.00033378482562813823
2000,Rhode Island,59579.437900000004,104960.70800000009,164540.1459000001,0.6379033361486768,0.0011848237727417222
2000,South Carolina,315212.7995999999,372925.30769999995,688138.1072999998,0.5419338120413377,0.0006006195130857249
2000,South Dakota,20178.6692,78117.2608,98295.93000000001,0.794715109771076,0.0012882983765623978
2000,Tennessee,285559.03239999985,446813.78750000003,732372.8198999999,0.6100906196396109,0.0005699186990641832
2000,Texas,793288.3941999997,1342431.8671000027,2135720.261300002,0.6285616573599724,0.0003306321834684505
2000,Utah,56358.42829999998,159294.83770000003,215653.266,0.7386618373774132,0.0009461200101969872
2000,Vermont,29486.941199999994,75843.82559999995,105330.76679999995,0.7200538636921798,0.0013833819620203331
2000,Virginia,349117.0477000001,587499.3102999997,936616.3579999998,0.6272571531363322,0.0004996278067654986
2000,Washington,183479.84600000002,561319.2860999999,744799.1320999999,0.7536519068132249,0.0004992756925065334
2000,West Virginia,139985.56660000005,176940.21440000003,316925.7810000001,0.558301738159951,0.0008821014794507078
2000,Wisconsin,123140.49919999999,615234.4585999995,738374.9577999995,0.8332276875059534,0.00043381577689553395
2000,Wyoming,23486.0193,41073.87469999999,64559.89399999999,0.6362134779837154,0.0018934041762359883
2002,Alabama,323572.88359999965,317053.06710000004,640625.9506999997,0.49491137028333343,0.0006246622313138366
2002,Alaska,16153.281100000002,33167.735399999976,49321.016499999976,0.6724868576056212,0.0021131983225718483
2002,Arizona,240060.89589999997,371356.2435,611417.1394,0.6073696983117317,0.0006245247627073185
2002,Arkansas,194197.18899999998,269249.521,463446.70999999996,0.5809719115278649,0.0007247683738238582
2002,California,1410993.022700001,1794702.3554000023,3205695.378100003,0.5598480653092223,0.0002772523736094193
2002,Colorado,164485.43819999998,300523.34909999993,465008.7872999999,0.6462745593366983,0.0007011502582377606
2002,Connecticut,206585.24609999993,273710.71119999985,480295.9572999998,0.5698792734768663,0.0007143847099923255
2002,Delaware,44161.052,74751.69550000003,118912.74750000003,0.6286264262794871,0.001401159606128784
2002,District of Columbia,39934.7216,31707.181300000004,71641.9029,0.442578714642154,0.0018556816764195088
2002,Florida,1041359.5895999996,1709900.5193999996,2751260.1089999992,0.6214972236927091,0.0002924073638617092
2002,Georgia,435566.91279999993,405055.1872,840622.0999999999,0.4818516991166424,0.0005449834762970413
2002,Hawaii,73998.10809999997,108958.32050000006,182956.42860000004,0.5955424541993931,0.001147410968857996
2002,Idaho,63738.68679999999,126628.10519999989,190366.79199999987,0.6651795928777324,0.00108163273599931
2002,Illinois,695849.7468999997,925177.5910999993,1621027.337999999,0.5707353413554829,0.0003887628709646814
2002,Indiana,438485.60859999986,453799.82709999976,892285.4356999996,0.5085814571701408,0.0005292417888036934
2002,Iowa,153311.0136000001,280204.0352999997,433515.0488999998,0.6463536525686682,0.0007261353890604535
2002,Kansas,128707.5269,247916.62239999985,376624.1492999998,0.658260026237781,0.0007728452648564005
2002,Kentucky,338151.7919,318802.83570000017,656954.6276000002,0.4852737499767024,0.0006166146945487744
2002,Louisiana,254292.74410000007,338842.0331999999,593134.7773,0.5712732521644367,0.0006425923344544327
2002,Maine,68364.16239999999,144384.80050000007,212748.96290000004,0.6786627701112052,0.0010124505243296778
2002,Maryland,266672.4321,486355.6438999995,753028.0759999994,0.6458665478762307,0.0005511239541578205
2002,Massachusetts,296437.9378,615963.9653999998,912401.9031999998,0.6751015788543128,0.0004903038133792842
2002,Michigan,507297.61830000003,848659.7486999998,1355957.3669999999,0.625874949577231,0.00041555562124062666
2002,Minnesota,181894.55970000007,496138.2406999997,678032.8003999997,0.7317319168148018,0.0005380655048594712
2002,Mississippi,219293.38859999995,181233.68820000006,400527.07680000004,0.4524879807077254,0.0007864740764363498
2002,Missouri,277633.4633,491980.17509999993,769613.6383999999,0.6392560507669922,0.0005473946818907123
2002,Montana,51843.57460000001,108887.34749999997,160730.92209999997,0.677451146782166,0.0011659690543854673
2002,Nebraska,88682.53160000002,140939.27399999992,229621.80559999993,0.6137887193758743,0.0010160506657139435
2002,Nevada,136899.5717,133788.30429999993,270687.87599999993,0.49425303518211494,0.000960963545497886
2002,New Hampshire,64770.55630000002,128997.66199999998,193768.2183,0.6657317857992606,0.0010716572691938603
2002,New Jersey,569848.0227999999,685594.4582000002,1255442.4810000001,0.5460978647575334,0.0004443425899736379
2002,New Mexico,85246.23829999998,139522.1952,224768.43349999998,0.6207374987110901,0.0010234256183279133
2002,New York,1185285.110199999,1345184.3154999986,2530469.4256999977,0.5315947712460045,0.0003136899971927333
2002,North Carolina,549524.5993999998,598659.3574000001,1148183.9567999998,0.5213967272879075,0.0004661935335871436
2002,North Dakota,35704.2274,78572.06110000004,114276.28850000004,0.6875622417506149,0.0013710702346371884
2002,Ohio,777851.7797000002,900636.741200001,1678488.5209000013,0.5365760504081862,0.0003848980329322623
2002,Oklahoma,230185.5915,306870.9896999999,537056.5811999999,0.571394151830943,0.0006752847161757008
2002,Oregon,128192.28530000005,331300.4000000002,459492.68530000024,0.7210134363372858,0.0006616434563980317
2002,Pennsylvania,1059354.3777000005,1109612.0690999988,2168966.446799999,0.511585631366992,0.0003394118244520778
2002,Rhode Island,62351.96690000001,103712.43630000007,166064.4032000001,0.6245314125212839,0.0011882988409845701
2002,South Carolina,372645.64790000016,288967.7050999999,661613.3530000001,0.43676220225863527,0.0006097703296627097
2002,South Dakota,21705.237800000006,104341.74309999995,126046.98089999995,0.8278004150117648,0.0010634391538819747
2002,Tennessee,368108.83849999966,417684.12469999987,785792.9631999995,0.5315447506669656,0.0005629241802143738
2002,Texas,959675.9609000003,1227576.367800002,2187252.3287000023,0.5612413125327952,0.0003355353150343017
2002,Utah,91966.8415,135877.3116000001,227844.1531000001,0.5963607569089735,0.0010278560016334238
2002,Vermont,29910.92070000001,64028.676600000035,93939.59730000005,0.6815941140935676,0.001519949337138183
2002,Virginia,507717.84260000003,342405.64100000024,850123.4836000003,0.40277165330149706,0.0005319351003119429
2002,Washington,221556.57960000003,463587.94040000025,685144.5200000003,0.6766279622290493,0.0005651127529720232
2002,West Virginia,187079.7774000001,136494.22870000012,323574.00610000023,0.4218331081199913,0.0008681807015375818
2002,Wisconsin,248315.37500000006,481734.6259,730050.0009000001,0.6598652493748663,0.0005544684360537133
2002,Wyoming,20763.03969999999,50000.376800000005,70763.41649999999,0.7065851152056799,0.001711665576656748
2004,Alabama,251958.90260000006,470295.7309,722254.6335000001,0.6511494825875699,0.0005608088613341309
2004,Alaska,16510.713799999998,43252.931800000006,59763.6456,0.7237331552611979,0.0018290900082093974
2004,Arizona,269133.5988999999,490225.1333000001,759358.7322,0.6455777915132799,0.0005489227860220933
2004,Arkansas,119034.0662,287871.50279999984,406905.56899999984,0.7074651337593267,0.0007131723902335234
2004,California,1094930.2048999993,2729933.125200001,3824863.3301000004,0.7137335087809863,0.00023112415694541554
2004,Colorado,131510.90269999998,399338.9966000001,530849.8993,0.7522634875255406,0.0005925078814261842
2004,Connecticut,115246.06500000002,387634.06020000036,502880.12520000036,0.7708279583446144,0.0005926896047877926
2004,Delaware,28139.632000000005,96942.86079999997,125082.49279999998,0.7750314103110039,0.0011806531520301
2004,District of Columbia,46116.60750000001,35528.52890000002,81645.13640000003,0.4351579342820475,0.0017350892141708082
2004,Florida,660884.6354000003,2102907.9142,2763792.5496000005,0.7608776261099447,0.00025657526889588574
2004,Georgia,352389.4272999999,614915.5979999998,967305.0252999996,0.6356997864342636,0.0004892986569402316
2004,Hawaii,69463.65140000005,113649.8887,183113.54010000004,0.6206525669152304,0.0011339205429514894
2004,Idaho,48239.0301,142815.30909999998,191054.3392,0.747511465575758,0.0009939197192680102
2004,Illinois,534684.8404999999,1109689.3159999994,1644374.1564999993,0.6748399149996005,0.0003652991602889264
2004,Indiana,302589.7838,602621.7294000001,905211.5132,0.6657247732849538,0.0004958204334981765
2004,Iowa,124600.4694,378644.39019999985,503244.85959999985,0.752405877530398,0.0006084243425036822
2004,Kansas,83561.4572,271498.71489999996,355060.17209999997,0.7646555041479968,0.0007119245226374271
2004,Kentucky,276566.15979999996,411127.0131999999,687693.173,0.5978349492790442,0.0005912830872701032
2004,Louisiana,201410.3606,379859.1434999999,581269.5040999999,0.653499178643733,0.000624145563644455
2004,Maine,48077.91110000002,178185.71240000005,226263.62350000007,0.787513740139497,0.0008599775760042986
2004,Maryland,262095.98219999997,487543.2695999998,749639.2517999997,0.6503705194589705,0.0005507547947239739
2004,Massachusetts,216882.5594,717361.2215999998,934243.7809999998,0.7678522845848089,0.0004368083579758095
2004,Michigan,366410.21539999987,1063532.3411999997,1429942.5565999995,0.743758786876572,0.0003650742905840807
2004,Minnesota,120369.1781,528797.7080000002,649166.8861000002,0.8145789924326826,0.0004823562297966722
2004,Mississippi,141563.87129999997,283378.90260000003,424942.77390000003,0.6668636814299291,0.0007230432891505779
2004,Missouri,227564.68409999993,702060.5557000006,929625.2398000006,0.7552081480178419,0.0004459414680480524
2004,Montana,26277.9311,121278.1183999999,147556.0494999999,0.821912207672651,0.0009959815212147243
2004,Nebraska,69781.11950000002,184755.78850000005,254536.90800000005,0.7258506829194296,0.0008841823615692719
2004,Nevada,98820.7376,195668.6198,294489.3574,0.6644335860810976,0.0008701221611144562
2004,New Hampshire,34395.31109999999,157131.5473000001,191526.85840000008,0.8204152076250002,0.000877075110763107
2004,New Jersey,365487.03949999996,845023.0131000007,1210510.0526000005,0.6980718675446053,0.00041727047697647727
2004,New Mexico,72105.65100000001,190113.90309999994,262219.55409999995,0.7250180245043746,0.0008719548112411532
2004,New York,928020.7272,1693264.8490999984,2621285.5762999984,0.6459673316060734,0.0002953723088931741
2004,North Carolina,479553.8477000001,863737.1528000004,1343291.0005000005,0.6430007738297209,0.0004133846370760064
2004,North Dakota,23362.9787,76006.92689999995,99369.90559999994,0.7648887904347571,0.0013452666547427686
2004,Ohio,512033.61859999987,1274976.4878000007,1787010.1064000006,0.7134690974795262,0.00033822819906462713
2004,Oklahoma,130150.40679999995,380632.2666000003,510782.67340000026,0.7451941626491361,0.0006097072092858928
2004,Oregon,105779.2903,487890.9503000003,593670.2406000004,0.8218214707998621,0.0004966423919512735
2004,Pennsylvania,704994.0978999997,1343607.4482000005,2048601.5461000002,0.6558656810339114,0.0003319270893809634
2004,Rhode Island,53641.871200000016,118280.29999999999,171922.1712,0.6879874723220106,0.0011174042976953955
2004,South Carolina,279542.67879999994,397373.4148999997,676916.0936999996,0.5870349643010709,0.0005984408156645185
2004,South Dakota,16233.3001,95666.41250000003,111899.71260000003,0.8549299214196553,0.001052785018466951
2004,Tennessee,361447.44990000007,566134.0219,927581.4718000002,0.6103334737825236,0.000506353845003819
2004,Texas,846562.0741000003,1580042.953000001,2426605.0271000015,0.6511331408920248,0.00030596039384427396
2004,Utah,42772.700999999994,194136.2118000001,236908.9128000001,0.8194550787706794,0.0007902500169369416
2004,Vermont,27082.319100000008,75759.90809999999,102842.2272,0.7366614878212205,0.0013734265386817985
2004,Virginia,394187.54189999995,720387.8467999988,1114575.3886999986,0.6463338901105952,0.000452866778164169
2004,Washington,159189.01479999998,550798.3229999999,709987.3377999999,0.7757861213507404,0.0004949678000940195
2004,West Virginia,135902.94939999998,197914.1995999997,333817.1489999997,0.5928820619098868,0.0008503347993595914
2004,Wisconsin,192581.92399999997,651369.9885000003,843951.9125000003,0.7718093636051806,0.0004568199695324443
2004,Wyoming,22293.289000000004,55548.654299999966,77841.94329999997,0.7136082675366608,0.0016203295043222168
2006,Alabama,325208.9181999999,357311.49529999995,682520.4134999998,0.5235176680909633,0.0006045486417085077
2006,Alaska,14793.930699999997,40810.50149999999,55604.43219999999,0.7339433186407036,0.001873974341788961
2006,Arizona,310048.8388999999,450370.6675000002,760419.5064000001,0.5922660632841443,0.0005635341378239523
2006,Arkansas,195289.43589999998,257753.56330000007,453042.9992000001,0.5689384092793637,0.0007357539101809568
2006,California,1531157.1386000009,2415347.6768000033,3946504.8154000044,0.612021976351039,0.00024529051394340173
2006,Colorado,142855.45360000007,373483.8923000002,516339.34590000025,0.7233302967624958,0.0006225604393852853
2006,Connecticut,171534.4949,305168.45059999987,476702.94549999986,0.6401648101417069,0.0006951424292825791
2006,Delaware,56138.10269999999,69654.39120000004,125792.49390000003,0.5537245430190173,0.0014015901112661236
2006,District of Columbia,35518.8878,22259.775399999988,57778.66319999998,0.3852594395088046,0.002024598141470182
2006,Florida,1231631.4073,1584306.2015000014,2815937.6088000014,0.5626212017442908,0.0002956142712122222
2006,Georgia,501256.63180000003,432941.4301,934198.0619000001,0.4634364464634734,0.0005159245529430886
2006,Hawaii,101886.42050000002,105464.26890000001,207350.68940000003,0.5086275295499452,0.0010978742525971218
2006,Idaho,74796.41139999998,131983.08989999996,206779.50129999995,0.638279370393278,0.0010566673813721687
2006,Illinois,645400.9179000001,846418.8976,1491819.8155,0.5673734111892818,0.00040563265271784316
2006,Indiana,351738.3356,450590.31049999944,802328.6460999994,0.561603169337468,0.0005539522474726971
2006,Iowa,171801.28819999995,314810.1656999999,486611.45389999985,0.646943599820596,0.0006851159702677933
2006,Kansas,181757.93339999992,261508.99699999992,443266.93039999984,0.589958282617692,0.0007387406668658571
2006,Kentucky,299289.3777999999,335705.84250000026,634995.2203000002,0.5286745974897226,0.0006264254837581772
2006,Louisiana,273911.9226,266991.11940000014,540903.0420000001,0.49360254734895737,0.0006797899510930027
2006,Maine,62812.431700000016,158925.98939999996,221738.42109999998,0.7167273430179574,0.0009568830004372037
2006,Maryland,310535.54939999996,474624.4557000006,785160.0051000005,0.6044939281383173,0.0005518149526795258
2006,Massachusetts,348296.84650000004,600246.7036000001,948543.5501000001,0.6328087978002899,0.0004949413631628204
2006,Michigan,505114.3113000004,849343.7780000014,1354458.089300002,0.6270727641627887,0.00041551646218539905
2006,Minnesota,203115.53870000003,519789.1516999993,722904.6903999993,0.719028605848979,0.0005286443759444818
2006,Mississippi,260760.30960000012,170499.22969999997,431259.53930000006,0.39535178741030563,0.000744515738236268
2006,Missouri,357206.2316000001,543929.3362000001,901135.5678000003,0.6036043361687847,0.0005152826945981214
2006,Montana,51097.90189999999,117840.50300000006,168938.40490000005,0.6975353121734135,0.001117522417806146
2006,Nebraska,84504.5444,168176.75239999985,252681.29679999984,0.6655686611150872,0.0009385628661420407
2006,Nevada,155015.77460000006,178483.6388000001,333499.4134000002,0.5351842660842293,0.0008636634516071404
2006,New Hampshire,82833.8328,111043.7085999999,193877.5413999999,0.5727517885679149,0.001123465141554519
2006,New Jersey,469675.01150000014,580695.6199,1050370.6314000003,0.5528483018665633,0.00048513113403252095
2006,New Mexico,138577.99480000001,188168.72899999996,326746.7238,0.5758855875022548,0.0008645776402080281
2006,New York,1261658.1933000002,1263281.1203000012,2524939.3136000014,0.5003213794072712,0.0003146621041164563
2006,North Carolina,648781.2679000001,501322.0552000005,1150103.3231000006,0.4358930585894942,0.00046238343748081164
2006,North Dakota,31940.519500000002,57793.18300000002,89733.70250000001,0.6440521386042218,0.001598364825056383
2006,Ohio,563132.0446000003,1052656.4294999992,1615788.4740999993,0.6514815808958738,0.0003748622309855909
2006,Oklahoma,276938.8756999999,277265.93700000003,554204.8126999999,0.5002950725909495,0.0006716372616394152
2006,Oregon,168738.49920000008,409365.90320000006,578104.4024000001,0.7081176021156693,0.0005979343582981156
2006,Pennsylvania,872305.0714999995,1146875.6456999995,2019180.717199999,0.5679905894160746,0.00034860176263970923
2006,Rhode Island,51477.188299999994,107682.89090000001,159160.0792,0.6765697242754326,0.0011725450620208263
2006,South Carolina,324348.13319999987,281793.74739999993,606141.8805999998,0.4648973390867855,0.0006406339343339195
2006,South Dakota,32462.1557,102470.35410000003,134932.50980000003,0.7594193145290477,0.0011636246132669904
2006,Tennessee,436705.87379999994,521797.9603999999,958503.8341999999,0.5443879740298695,0.0005086920185525615
2006,Texas,1244174.5525,1305937.8338999995,2550112.3863999993,0.5121099136119234,0.0003130133986146978
2006,Utah,101756.51050000003,144270.80659999992,246027.31709999996,0.5864015764613643,0.0009928767398927137
2006,Vermont,24216.236399999998,71086.763,95302.9994,0.7459026835203678,0.0014102231493573947
2006,Virginia,448556.3626999998,540003.4447000001,988559.8073999999,0.5462526805740333,0.0005007285477062798
2006,Washington,240178.82639999993,612223.1627999995,852401.9891999994,0.7182329118853726,0.0004872541600598775
2006,West Virginia,151016.09980000005,152502.3138999999,303518.4136999999,0.5024483096130518,0.000907553583355002
2006,Wisconsin,285526.05049999995,584722.5342999997,870248.5847999996,0.6719028844320161,0.0005033067977165073
2006,Wyoming,26351.079199999996,58755.82139999997,85106.90059999996,0.6903767025443762,0.0015848110549597008
2008,Alabama,245855.65720000005,541917.9676,787773.6248,0.6879107786041734,0.0005220411333955475
2008,Alaska,12707.539399999998,48290.03689999999,60997.576299999986,0.7916714044915257,0.0016443362560626237
2008,Arizona,298630.08520000003,585833.8176000002,884463.9028000003,0.6623603470366524,0.0005028446439936747
2008,Arkansas,172302.04500000007,336779.9779,509082.0229000001,0.6615436467025949,0.0006631880717581786
2008,California,1324416.8487000002,2909059.7570999973,4233476.605799997,0.6871562141419403,0.00022534240416186946
2008,Colorado,119687.4821,456005.8982000001,575693.3803000001,0.7920985611513728,0.0005348385982064674
2008,Connecticut,135294.42829999997,425238.00459999987,560532.4328999999,0.7586322925151116,0.0005715508464068859
2008,Delaware,35870.64289999999,101477.28249999993,137347.92539999992,0.7388337479759267,0.001185279678835501
2008,District of Columbia,37926.304499999984,46720.61909999997,84646.92359999995,0.5519470420541072,0.00170925866468802
2008,Florida,847632.3762999999,2194300.213600001,3041932.589900001,0.7213507034592556,0.00025705580300487794
2008,Georgia,312396.82409999997,782276.0155000008,1094672.8396000008,0.7146208320888354,0.00043162520580155867
2008,Hawaii,81025.1795,139212.2950000001,220237.4745000001,0.6321008507568953,0.0010275713097145074
2008,Idaho,58104.6542,176763.51649999985,234868.17069999984,0.7526073710761864,0.0008903597707118481
2008,Illinois,544081.3856999999,1185137.2448999994,1729218.6305999993,0.6853599793155039,0.0003531355161606679
2008,Indiana,281966.5076999998,538399.6137,820366.1213999998,0.6562918673204001,0.0005243720765728965
2008,Iowa,100042.28139999999,366389.90439999977,466432.18579999974,0.7855159132545436,0.0006010087243142788
2008,Kansas,106685.84909999998,302164.0439,408849.893,0.7390586351455888,0.0006867979155981873
2008,Kentucky,225240.9208,436591.05529999995,661831.9761,0.659670537335949,0.0005824242443098063
2008,Louisiana,169366.66869999998,469374.6469000001,638741.3156000001,0.7348430975677441,0.0005523142823375128
2008,Maine,45605.098500000015,193563.92640000005,239169.02490000008,0.8093185414830865,0.0008032699328796317
2008,Maryland,240281.33349999995,563556.2372000004,803837.5707000004,0.7010822307163904,0.0005105945745380256
2008,Massachusetts,240629.96799999994,765830.9010000008,1006460.8690000006,0.7609147306053886,0.000425153695365094
2008,Michigan,331500.12789999996,1207410.469399999,1538910.5972999989,0.7845877931560071,0.0003313975041659445
2008,Minnesota,107215.24159999996,647161.0243000006,754376.2659000006,0.8578756431684817,0.00040202440404131707
2008,Mississippi,111642.75379999999,275269.9758000002,386912.7296000002,0.7114523631325881,0.0007284087680168049
2008,Missouri,237460.26299999992,664278.5937999997,901738.8567999996,0.7366640450177837,0.00046381994993898075
2008,Montana,36713.9826,147049.25209999998,183763.23469999997,0.8002104030224714,0.000932737029384393
2008,Nebraska,63566.06450000001,203466.4868,267032.55130000005,0.7619538734489857,0.0008241624006376776
2008,Nevada,121906.47750000001,242332.0573,364238.5348,0.6653114213548609,0.0007818797950386248
2008,New Hampshire,49929.411499999995,161048.2633000001,210977.6748000001,0.7633426780945831,0.000925340336908699
2008,New Jersey,339863.6558999999,851268.4430000004,1191132.0989000003,0.7146717343828943,0.0004137573646640253
2008,New Mexico,66520.8064,207284.8087,273805.6151,0.7570509780242999,0.0008195943669658691
2008,New York,942235.0442000001,1804041.563300004,2746276.607500004,0.656904536991364,0.0002864748359695262
2008,North Carolina,540826.5797000001,1036980.2809,1577806.8606000002,0.6572289085532703,0.00037786224675847696
2008,North Dakota,32890.40869999998,85336.01279999997,118226.42149999994,0.7218015373999966,0.001303253776131735
2008,Ohio,445130.77039999986,1255856.7625000002,1700987.5329,0.7383103862959537,0.0003370250383380397
2008,Oklahoma,219905.8567,377561.1418000002,597466.9985000002,0.6319363960652298,0.0006239376039178262
2008,Oregon,87516.9574,466833.6467000001,554350.6041000001,0.84212706407692,0.00048972287745226
2008,Pennsylvania,706383.7828,1447885.8034999997,2154269.5862999996,0.6721005637863421,0.0003198434341001357
2008,Rhode Island,43136.23239999997,116304.13769999992,159440.37009999988,0.729452256207476,0.001112554378663722
2008,South Carolina,254216.49449999994,587555.9836999994,841772.4781999993,0.6979985672095117,0.0005004197090770989
2008,South Dakota,26851.415500000003,99741.28160000005,126592.69710000005,0.7878912756018689,0.0011489684026069534
2008,Tennessee,347190.5782,615902.9923000002,963093.5705000001,0.6395048323085032,0.0004892573934239658
2008,Texas,924708.1253999999,2022211.4922000002,2946919.6176,0.6862119618474388,0.00027031067011168663
2008,Utah,70163.9323,181887.1243,252051.0566,0.7216280969162975,0.0008927403311154999
2008,Vermont,17566.4557,84869.36170000001,102435.8174,0.8285125638095412,0.0011777138553560316
2008,Virginia,266991.4299,828802.1542000002,1095793.5841,0.7563487925335081,0.00041009168749624815
2008,Washington,209284.03020000004,677634.4407,886918.4709000001,0.7640323918526252,0.00045085846806517765
2008,West Virginia,139270.98919999998,164624.7926,303895.7818,0.5417146352769809,0.0009038387206172203
2008,Wisconsin,173832.33850000004,732567.7458999997,906400.0843999998,0.808216767085729,0.00041353214774385733
2008,Wyoming,19248.682500000003,57124.92339999997,76373.60589999997,0.747966823444171,0.0015710802751650774
2010,Alabama,343306.18619999976,391699.6286000003,735005.8148,0.5329204486723473,0.0005819440499856517
2010,Alaska,18241.662699999997,54140.85989999998,72382.52259999998,0.7479824957081559,0.0016137795704473479
2010,Arizona,363813.6412999997,537062.0002000001,900875.6414999999,0.5961555351921458,0.0005169570180132792
2010,Arkansas,195736.09610000002,234423.47369999983,430159.5697999998,0.544968635264801,0.0007592619323968852
2010,California,1570215.980200001,2663159.4586999947,4233375.438899996,0.629086528501236,0.00023477297496193238
2010,Colorado,138091.15999999997,438496.5148999998,576587.6748999998,0.7605027543747795,0.0005620409767584064
2010,Connecticut,192603.081,308281.1424000001,500884.22340000013,0.6154738520358836,0.0006873834410004992
2010,Delaware,67459.2069,90360.16199999995,157819.36889999994,0.5725543235270154,0.0012452847291109129
2010,District of Columbia,43547.63379999997,31178.8725,74726.50629999996,0.4172397994204102,0.0018038501920579727
2010,Florida,1267059.4507000002,1727684.8624000025,2994744.3131000027,0.5769056325919169,0.00028549015539691295
2010,Georgia,567289.3352999999,595027.7805,1162317.1157999998,0.5119323912652307,0.00046364329240141544
2010,Hawaii,74492.03310000002,116662.53580000004,191154.56890000007,0.6103047207887062,0.0011154332740628994
2010,Idaho,72107.8419,159514.54980000015,231622.39170000015,0.6886836312725979,0.0009621008260509291
2010,Illinois,712594.9406,983468.4116000005,1696063.3522000005,0.5798535829008523,0.00037899935386915054
2010,Indiana,449178.2486999999,485727.0090000001,934905.2577,0.5195467722525785,0.0005167185848647317
2010,Iowa,162126.0349000001,335344.9387000002,497470.97360000026,0.6740995083054631,0.0006645392549428261
2010,Kansas,136602.48629999996,246156.51410000017,382759.00040000014,0.6431109754251518,0.0007743670248376086
2010,Kentucky,231409.1088000001,390684.71010000026,622093.8189000003,0.6280157401190988,0.000612801194283416
2010,Louisiana,272237.4354,378576.89960000006,650814.3350000001,0.5816972356639932,0.0006114561425162452
2010,Maine,64385.38529999999,186883.6457000001,251269.0310000001,0.7437591690318575,0.000870905134373415
2010,Maryland,264291.0916000001,471450.7559000004,735741.8475000005,0.6407828472744308,0.0005593340300752735
2010,Massachusetts,329873.35960000014,684318.0614999997,1014191.4210999999,0.6747425064568018,0.0004651818100567676
2010,Michigan,500940.9004000001,954905.7520000001,1455846.6524000003,0.6559109439347981,0.00039373140125579696
2010,Minnesota,214162.29069999987,570286.0720000002,784448.3627,0.7269899449303805,0.0005030038890839797
2010,Mississippi,204858.83499999996,231793.8387000001,436652.67370000004,0.5308425956398766,0.0007552210868456539
2010,Missouri,352002.95590000006,503727.31799999985,855730.2738999999,0.588651977572626,0.0005319435683014108
2010,Montana,48037.242299999976,130873.87080000009,178911.11310000008,0.7315021886139058,0.001047754491078968
2010,Nebraska,95744.92199999999,156830.87209999977,252575.79409999977,0.6209259785120474,0.0009653528052374957
2010,Nevada,164819.42850000004,205614.29939999996,370433.7279,0.5550636562324754,0.0008165167077178828
2010,New Hampshire,71575.46120000003,142400.2778999999,213975.73909999995,0.6654973059046203,0.0010199777386175261
2010,New Jersey,595290.1057000001,658369.808,1253659.9137,0.525158219390548,0.000445994677975381
2010,New Mexico,98293.41919999999,161303.20459999988,259596.62379999988,0.6213609493021456,0.0009519960779569605
2010,New York,1420056.756799999,1328640.7965,2748697.553299999,0.4833710405515063,0.00030141593553230367
2010,North Carolina,609456.9857999999,801407.4740000002,1410864.4598,0.5680258429031555,0.0004170328668362667
2010,North Dakota,30593.889100000004,66917.41359999999,97511.30269999999,0.6862528932248589,0.0014859509700832524
2010,Ohio,667245.7298000003,1077909.386699999,1745155.1164999993,0.6176582107278825,0.000367860347000214
2010,Oklahoma,238446.9482,358180.0654,596627.0136000001,0.6003416828862138,0.0006341503263038678
2010,Oregon,159184.15519999995,408874.41839999985,568058.5735999998,0.7197751031355968,0.0005958750614688107
2010,Pennsylvania,986433.6189000006,1263789.3608000013,2250222.979700002,0.561628501797848,0.00033077520467235556
2010,Rhode Island,61952.9097,94834.84520000011,156787.75490000012,0.604861299662631,0.0012346578215595412
2010,South Carolina,447910.96910000034,378401.0013999998,826311.9705,0.4579396340718989,0.0005480951021965543
2010,South Dakota,36298.020300000004,92910.06549999994,129208.08579999994,0.7190731518444953,0.0012503693343266671
2010,Tennessee,477633.0215000001,473683.63100000034,951316.6525000004,0.4979242503063407,0.0005126296388297219
2010,Texas,1250238.5189999994,1404277.2940999996,2654515.813099999,0.5290144768284711,0.00030636905657490125
2010,Utah,136390.5454,188938.92960000003,325329.47500000003,0.5807617941780406,0.0008651028441226954
2010,Vermont,36895.186099999984,74143.85700000003,111039.04310000001,0.6677278093366424,0.0014135425112779905
2010,Virginia,523443.3597000005,561727.7886,1085171.1483000005,0.5176398114527717,0.00047967871088087477
2010,Washington,221162.58470000006,724030.586399999,945193.171099999,0.7660133489510774,0.0004354651677686285
2010,West Virginia,176717.6692,176226.40920000005,352944.07840000006,0.4993040540554938,0.0008416211363093118
2010,Wisconsin,275723.4486000002,649408.4256999993,925131.8742999996,0.7019630862804006,0.0004755436030245849
2010,Wyoming,23915.336099999997,49786.558300000026,73701.89440000002,0.6755125998498082,0.0017245521047407708
2012,Alabama,225764.9805,569391.3022,795156.2827000001,0.7160747070583386,0.0005056557625359199
2012,Alaska,19947.637199999997,71262.55790000001,91210.19510000001,0.7813003559730354,0.0013687097369397753
2012,Arizona,297602.84140000003,711735.502400001,1009338.3438000011,0.7051505640025802,0.00045386082004811475
2012,Arkansas,177932.92520000009,313118.9776,491051.90280000004,0.6376494537839716,0.0006859488890105879
2012,California,1631788.7090999996,3320300.8355999994,4952089.544699999,0.6704848136588261,0.00021122141398820327
2012,Colorado,127004.53539999998,541054.3253,668058.8607,0.8098902014907443,0.00048007374893020255
2012,Connecticut,146520.50129999997,419012.65239999996,565533.1536999999,0.7409161596603315,0.000582606950485896
2012,Delaware,39604.2381,119725.8985999997,159330.13669999968,0.751432849301007,0.001082724566795058
2012,District of Columbia,21083.237699999998,60156.411400000055,81239.64910000005,0.7404809359276272,0.0015380043175577706
2012,Florida,848252.0666999999,2433903.5162999993,3282155.582999999,0.7415564115566181,0.00024164365518225731
2012,Georgia,367968.64050000004,779973.0511000002,1147941.6916000003,0.679453544380703,0.00043557752136531066
2012,Hawaii,100697.50939999995,139661.75089999993,240359.26029999988,0.5810541716831868,0.0010063679969062264
2012,Idaho,57089.35430000001,182363.7012999999,239453.0555999999,0.7615843566625172,0.000870795527094271
2012,Illinois,529340.0317,1343025.9195999987,1872365.951299999,0.7172881554845221,0.0003290966521405392
2012,Indiana,328334.0112999999,701894.6220000004,1030228.6333000003,0.6812998584127008,0.0004590853874127812
2012,Iowa,95283.45469999999,471546.5072999997,566829.9619999997,0.8319011677438461,0.0004966973191488399
2012,Kansas,114328.44330000003,356521.7081000003,470850.1514000003,0.7571872007260441,0.0006248791913229361
2012,Kentucky,245873.50309999989,514211.20670000045,760084.7098000003,0.6765182881198911,0.0005365789594241029
2012,Louisiana,202362.3686,520052.8813000002,722415.2499000002,0.7198808183686435,0.000528333650682314
2012,Maine,55041.242399999996,220523.3344,275564.5768,0.8002600949687813,0.0007616164321717231
2012,Maryland,285549.2769000002,669564.1944999995,955113.4713999997,0.7010310445297733,0.0004684402317021519
2012,Massachusetts,313618.9623000003,878761.4567000002,1192380.4190000005,0.7369807845695593,0.0004031943182738132
2012,Michigan,436980.7107,1378555.6311000013,1815536.3418000012,0.7593104028604801,0.0003172750064720069
2012,Minnesota,136306.5888,795798.6326999994,932105.2214999994,0.8537648050285059,0.00036598442834792925
2012,Mississippi,159800.2319,354527.20290000015,514327.43480000016,0.6893025316408807,0.0006452885346098253
2012,Missouri,232476.00660000008,724060.6444000007,956536.6510000008,0.7569606910964043,0.00043855505045439693
2012,Montana,45619.58010000001,175922.74129999997,221542.32139999996,0.7940818719795179,0.0008591155513300586
2012,Nebraska,78611.75379999999,229780.66940000007,308392.4232000001,0.7450918119703014,0.0007847746007121463
2012,Nevada,137851.78049999996,257193.0228000001,395044.8033,0.651047730919487,0.0007583439940378018
2012,New Hampshire,43412.79990000001,186588.24269999977,230001.04259999978,0.8112495517009449,0.0008159364384149227
2012,New Jersey,421859.1176000002,1013784.9633999988,1435644.080999999,0.7061534100386818,0.0003801775481996816
2012,New Mexico,93812.46059999998,197733.55320000005,291546.0138,0.678224169909745,0.0008651866052170012
2012,New York,1241113.0038,1813579.4094999982,3054692.4132999983,0.5937027903705631,0.0002810106126242398
2012,North Carolina,371290.5686999999,1215214.7805999992,1586505.3492999992,0.7659695450356839,0.00033614075351349484
2012,North Dakota,27491.587300000003,69991.33620000005,97482.92350000005,0.7179856090384898,0.001441216522947971
2012,Ohio,526209.4861000002,1470953.9049000018,1997163.3910000022,0.7365215642989924,0.00031171555401973195
2012,Oklahoma,162936.10080000004,413396.7443999999,576332.8452,0.7172881917853255,0.0005931740310481728
2012,Oregon,137395.56469999993,550718.6857999997,688114.2504999996,0.8003303018355381,0.0004819038932008628
2012,Pennsylvania,759024.2747000005,1599644.0607000024,2358668.335400003,0.678197963101379,0.00030418598214359307
2012,Rhode Island,70343.32360000005,117866.68939999984,188210.0129999999,0.6262508966512845,0.0011151746735418653
2012,South Carolina,320858.6652999999,544000.7925000003,864859.4578000002,0.6290048488153334,0.0005194435331806648
2012,South Dakota,35549.394799999995,118994.89099999993,154544.28579999993,0.7699727646610923,0.0010705349139943374
2012,Tennessee,442567.7423,757161.8041999999,1199729.5465,0.6311104085157245,0.00044051347203539825
2012,Texas,1004722.4017999999,2252972.459499998,3257694.861299998,0.691584864581497,0.0002558794332231945
2012,Utah,53280.423800000004,242238.22750000007,295518.6513000001,0.8197053770866339,0.0007071765177928702
2012,Vermont,20388.585499999997,93318.86009999993,113707.44559999993,0.8206926081892388,0.0011376139420805954
2012,Virginia,386948.9759000001,988766.9597000005,1375715.9356000004,0.7187290152808783,0.00038333693997992985
2012,Washington,226659.95949999997,933499.3605999986,1160159.3200999985,0.8046303162220313,0.00036810182101033065
2012,West Virginia,142209.55099999998,251497.76970000006,393707.32070000004,0.6387937345255466,0.0007655458671334648
2012,Wisconsin,218714.8986000001,870112.5915000018,1088827.490100002,0.7991280523419624,0.0003839620438817214
2012,Wyoming,21984.3909,71329.30099999999,93313.69189999999,0.7644033747634842,0.0013892267726718106
2014,Alabama,444984.8270000007,373668.18769999983,818653.0147000005,0.45644269426764694,0.0005505108286396634
2014,Alaska,21615.4462,65797.27079999998,87412.71699999998,0.7527196620601554,0.001459231222124339
2014,Arizona,384999.7974000002,537178.8554999997,922178.6528999999,0.582510616365624,0.0005135315234737048
2014,Arkansas,233686.69339999996,277347.3742000001,511034.06760000007,0.5427179747575797,0.000696873968045772
2014,California,2262323.6815,2339523.4290000005,4601847.1105,0.5083879087729636,0.00023304661088176335
2014,Colorado,179445.92909999998,589592.1000999998,769038.0291999998,0.7666618264812333,0.00048230404977179717
2014,Connecticut,206042.98789999998,331150.9728,537193.9606999999,0.6164458222286936,0.0006634302269909013
2014,Delaware,72827.0976,79647.77279999998,152474.87039999996,0.5223665551644896,0.0012791925158338378
2014,District of Columbia,38941.619900000005,43068.94809999998,82010.56799999998,0.5251633923569459,0.0017437507580882622
2014,Florida,1444758.6204999997,2127953.5398000036,3572712.1603000034,0.5956129249498,0.00025964602354507825
2014,Georgia,655761.3465999999,742763.7206000002,1398525.0672000002,0.5311050463236202,0.00042198096972729843
2014,Hawaii,109932.96069999995,128911.06179999991,238844.02249999985,0.5397290685807303,0.0010198527936763585
2014,Idaho,92103.378,159398.86790000004,251502.24590000004,0.6337870555771448,0.000960655324521657
2014,Illinois,727631.6759999999,1107245.4361999992,1834877.112199999,0.6034439193981896,0.00036113308076380496
2014,Indiana,574107.5501,453292.5645000001,1027400.1146000001,0.4412035370236273,0.0004898651139873548
2014,Iowa,152063.2935,380368.64020000014,532431.9337000002,0.714398622856306,0.0006190395623249755
2014,Kansas,159224.91980000003,325272.71119999985,484497.6309999999,0.6713607877269475,0.0006748260628993635
2014,Kentucky,346614.2695,463991.60390000005,810605.8734,0.5724009893412648,0.0005494948932217177
2014,Louisiana,272017.13550000003,458831.86860000005,730849.0041,0.6278066550354352,0.0005654359660930489
2014,Maine,76728.92719999998,230946.93090000015,307675.8581000001,0.7506176543267762,0.0007800016652366324
2014,Maryland,384596.3663,505861.6675999998,890458.0338999998,0.5680915308096475,0.0005249262476884567
2014,Massachusetts,439397.9984999999,698320.7209999998,1137718.7194999997,0.6137903060142099,0.00045646149242182794
2014,Michigan,612802.6417000002,1067168.8181000003,1679971.4598000003,0.6352303260122325,0.00037138471211475507
2014,Minnesota,249144.9600999999,657155.2701000007,906300.2302000006,0.7250966602479852,0.0004689774007347628
2014,Mississippi,286548.35150000005,214328.69599999985,500877.04749999987,0.427906802816713,0.0006991050219472871
2014,Missouri,552653.5350999999,461898.8453000001,1014552.3803999999,0.4552735316809278,0.000494411089406047
2014,Montana,59741.285599999974,142089.68410000007,201830.96970000005,0.7040033762469707,0.0010161009239049157
2014,Nebraska,118027.04399999995,187320.01049999983,305347.0544999998,0.6134659160434114,0.000881236038363056
2014,Nevada,242102.4454999999,197165.5556000002,439268.0011000001,0.4488502579433623,0.0007504482684822673
2014,New Hampshire,73276.93189999998,174285.7134999999,247562.64539999986,0.7040065080028426,0.0009174594127346426
2014,New Jersey,664999.4661000001,658895.0997999996,1323894.5658999998,0.4976945421269817,0.0004345489329571629
2014,New Mexico,136884.91359999997,210131.60700000002,347016.5206,0.6055377612474396,0.0008296563806105628
2014,New York,1588401.1858999997,1293857.0740000007,2882258.2599000004,0.448903934807317,0.00029297051531111635
2014,North Carolina,741185.7474,950274.0044999999,1691459.7519,0.5618070447331464,0.0003815007989750954
2014,North Dakota,39267.969499999985,80117.02000000005,119384.98950000003,0.6710811831164087,0.001359743613560286
2014,Ohio,1064521.1623000002,1097190.6656000006,2161711.827900001,0.5075563964813333,0.0003400333417433555
2014,Oklahoma,294178.9421,323098.8539000004,617277.7960000003,0.5234253621201049,0.000635700446849428
2014,Oregon,175782.74189999994,460786.5486000003,636569.2905000002,0.7238592176478864,0.0005603630472126402
2014,Pennsylvania,1134120.4771000003,1235840.8412000008,2369961.3183000013,0.5214603426888346,0.000324488254414474
2014,Rhode Island,65550.8817,105170.72519999991,170721.6068999999,0.6160364063442983,0.001177074546104571
2014,South Carolina,467979.01029999985,408816.7620999999,876795.7723999997,0.46626224141223976,0.000532757857499606
2014,South Dakota,56065.94020000001,89495.32659999999,145561.26679999998,0.6148292644564975,0.0012755015584030094
2014,Tennessee,670760.7189000002,474982.6731000004,1145743.3920000007,0.4145628736910054,0.00046024772732305286
2014,Texas,1799619.0483999988,1467922.8283000032,3267541.876700002,0.4492437690752741,0.0002751757505016881
2014,Utah,120846.4963,170219.68659999993,291066.1828999999,0.5848143707525152,0.0009133438299377166
2014,Vermont,52871.62819999997,73045.04770000005,125916.67590000003,0.5801062264223895,0.001390854998820289
2014,Virginia,562725.1957000002,678217.2171999991,1240942.4128999994,0.546533997186099,0.0004468946376563729
2014,Washington,387294.1466,709522.2998000004,1096816.4464000002,0.6468924696824279,0.0004563547345183928
2014,West Virginia,228127.68509999994,165168.68640000015,393296.3715000001,0.4199598531002468,0.0007869967604485244
2014,Wisconsin,292232.6832000001,679867.3128,972099.996,0.699380018102582,0.0004650611502992751
2014,Wyoming,38389.66759999999,58051.88849999997,96441.55609999996,0.6019385298989384,0.0015762280011901914
2016,Alabama,306398.48309999984,611693.4391000005,918091.9222000004,0.6662660070401394,0.0004921312770684048
2016,Alaska,24369.505600000004,67025.37459999997,91394.88019999997,0.7333602763451075,0.0014627165737262097
2016,Arizona,299857.70730000007,796724.9766000003,1096582.6839000003,0.7265525785674866,0.0004256471683729639
2016,Arkansas,206987.17299999998,352579.62670000026,559566.7997000002,0.6300938992253083,0.0006453902718789464
2016,California,1709588.3508999997,3771115.7779000034,5480704.128800003,0.688071402738846,0.00019789105845713652
2016,Colorado,126097.03099999999,744106.2099000001,870203.2409000001,0.8550947352602535,0.00037734521777402403
2016,Connecticut,116310.7283,440302.96190000005,556613.6902000001,0.7910386856309486,0.0005449477519058012
2016,Delaware,35932.20169999998,139971.05069999993,175903.2523999999,0.7957274739963819,0.0009612806968940542
2016,District of Columbia,42872.46649999999,63925.529499999946,106797.99599999993,0.5985648785020272,0.001499967145484019
2016,Florida,823972.9312999997,2868583.3275000043,3692556.258800004,0.776855686535221,0.00021667037056308965
2016,Georgia,488317.0081000001,1109724.5207000005,1598041.5288000004,0.694427836010816,0.00036439836929938913
2016,Hawaii,95415.13540000003,130304.10599999988,225719.2413999999,0.5772839975528995,0.001039764086737268
2016,Idaho,70400.2875,227071.88829999985,297472.17579999985,0.7633382439528315,0.0007792904912089047
2016,Illinois,506780.93490000005,1474722.8687999984,1981503.8036999984,0.7442442785354718,0.00030993667966730624
2016,Indiana,385194.7285999999,756649.2241999999,1141843.9527999999,0.6626555426812609,0.00044246337613932935
2016,Iowa,123357.7815,514342.9403000005,637700.7218000005,0.806558504196443,0.0004946343855096011
2016,Kansas,146760.192,357433.89389999997,504194.08589999995,0.7089212346907459,0.0006397427620490079
2016,Kentucky,274933.8209000001,475968.66849999945,750902.4893999996,0.6338621528346736,0.0005559400354361888
2016,Louisiana,212273.24679999996,526375.7171000005,738648.9639000004,0.7126195836257372,0.0005265485424186717
2016,Maine,55786.79609999999,239038.48349999986,294825.27959999983,0.8107801468866986,0.0007213608092619684
2016,Maryland,280419.79049999994,685873.3952000005,966293.1857000005,0.7097984393868423,0.00046170325190815644
2016,Massachusetts,320748.25729999994,900640.2478000014,1221388.5051000013,0.7373904732518024,0.00039817783925978194
2016,Michigan,328216.6778,1394454.4187999985,1722671.0965999984,0.8094722327159289,0.0002992119492631507
2016,Minnesota,206855.48050000003,732694.8591999998,939550.3396999999,0.7798356599327617,0.00042747921894360454
2016,Mississippi,177888.43130000003,342456.15129999997,520344.58259999997,0.6581334038087859,0.0006575666552692759
2016,Missouri,344617.8859999999,860620.7765000007,1205238.6625000006,0.714066685111838,0.00041159040118473586
2016,Montana,46572.6245,171085.28940000007,217657.91390000007,0.7860283429832138,0.0008790427510118439
2016,Nebraska,92710.6883,258736.39030000032,351447.0786000003,0.7362029905915971,0.0007433678147689691
2016,Nevada,147378.8823,316790.51230000006,464169.39460000006,0.6824890136778528,0.0006832646624535687
2016,New Hampshire,55392.9997,215167.17289999983,270560.1725999998,0.7952655072337871,0.0007757461840795919
2016,New Jersey,370985.38099999976,1092247.8862,1463233.2672,0.7464619009722855,0.00035964055143134676
2016,New Mexico,96750.61609999994,262150.6537000001,358901.2698,0.7304255397203949,0.0007406957450024134
2016,New York,1263799.7269000008,2160327.6684999955,3424127.395399996,0.6309133449305068,0.00026077987394467953
2016,North Carolina,381279.19580000016,1225036.4138000007,1606315.6096000008,0.7626374334400293,0.0003356987576505979
2016,North Dakota,34078.427599999995,84556.63830000004,118635.06590000003,0.712745743920896,0.0013136933892082079
2016,Ohio,581758.8937999996,1689864.2035000015,2271623.097300001,0.7439016646328941,0.0002895962975323653
2016,Oklahoma,232748.22689999998,477541.98930000013,710290.2162000001,0.6723195370123698,0.0005569230896675805
2016,Oregon,182435.0864,584500.3230000003,766935.4094000004,0.7621245750763742,0.00048619263607413687
2016,Pennsylvania,927878.6646999997,1869325.5429999994,2797204.207699999,0.6682835446386848,0.00028151517172870626
2016,Rhode Island,74628.05870000002,133476.0428,208104.10150000002,0.6413907358764862,0.001051312368551979
2016,South Carolina,322318.23020000005,653663.9789999999,975982.2091999999,0.6697498917893184,0.0004760547027954339
2016,South Dakota,36077.46709999999,114180.64740000003,150258.11450000003,0.7598967135981199,0.0011019385280770092
2016,Tennessee,440516.09180000005,784291.0984999998,1224807.1903,0.640338417925109,0.0004336286224375319
2016,Texas,1349696.0283999997,2497387.645,3847083.6733999997,0.6491638490391458,0.00024331199296353514
2016,Utah,92163.62060000002,283994.651,376158.27160000004,0.7549871222877025,0.0007012597611754284
2016,Vermont,27545.4139,102482.51869999999,130027.93259999999,0.7881577185054774,0.0011331686744471044
2016,Virginia,465782.55640000006,1070594.3749000002,1536376.9313000003,0.6968305453493892,0.00037081510978821273
2016,Washington,228855.42359999998,923843.671299999,1152699.094899999,0.8014612619958255,0.0003715402939640956
2016,West Virginia,146803.65010000003,250734.15810000018,397537.8082000002,0.6307177655259811,0.0007654335958413146
2016,Wisconsin,274759.1728000001,960715.5363,1235474.7091,0.7776084198436143,0.00037413015834344217
2016,Wyoming,25998.9725,76422.4987,102421.4712,0.746157009898526,0.0013598850338450174
2018,Alabama,334706.9722000004,509817.02799999976,844524.0002000001,0.6036738184814936,0.0005322572108436536
2018,Alaska,24198.2033,64047.306200000006,88245.50950000001,0.7257854429408671,0.0015017687823419956
2018,Arizona,351486.08200000005,755079.3956000002,1106565.4776000003,0.6823630511568743,0.0004425727809685429
2018,Arkansas,216340.42870000005,277096.4417,493436.8704000001,0.5615641195911735,0.0007063776036735564
2018,California,2051928.7603999986,3265724.996000002,5317653.7564,0.6141289270798379,0.00021110127696942675
2018,Colorado,147563.8528,633790.7717,781354.6245,0.8111435599495834,0.0004427827245545105
2018,Connecticut,221655.14330000005,453835.8718999999,675491.0152,0.6718607082666048,0.0005712930641746472
2018,Delaware,67107.4331,115698.12169999993,182805.55479999993,0.6329026589294866,0.001127364578881603
2018,District of Columbia,56694.95,46769.724099999985,103464.67409999997,0.45203567794353106,0.0015472712327901583
2018,Florida,1060500.7936,2616352.5738000046,3676853.3674000045,0.7115738139022099,0.00023625943830495378
2018,Georgia,490430.2504000001,1059152.1382999998,1549582.3886999998,0.6835081154920458,0.00037363348516222025
2018,Hawaii,116618.71529999994,135555.212,252173.92729999992,0.5375464999549144,0.0009928690284678433
2018,Idaho,112184.77529999998,196985.20340000003,309169.9787,0.6371420803154457,0.000864744462744739
2018,Illinois,731761.1425999997,1249732.5341999994,1981493.676799999,0.6307022570055572,0.0003428500158588229
2018,Indiana,451654.5609000002,639953.8760999994,1091608.4369999997,0.5862485616717522,0.00047138657695320154
2018,Iowa,148685.79419999997,457091.3487999999,605777.1429999999,0.7545536408593085,0.000552925876860447
2018,Kansas,186089.61230000007,330503.5176000002,516593.1299000003,0.6397752863340973,0.0006679226470588434
2018,Kentucky,412560.1787000002,569264.5661000002,981824.7448000005,0.5798026268078632,0.0004981381106146719
2018,Louisiana,311762.6412000002,446658.2116,758420.8528000002,0.5889318706770662,0.000564981593549963
2018,Maine,80976.6339,235439.95969999995,316416.59359999996,0.7440822145934384,0.0007757665884889095
2018,Maryland,450245.89320000005,649761.0898000004,1100006.9830000005,0.5906881500224077,0.00046882263036773217
2018,Massachusetts,395364.5196,795304.4874,1190669.007,0.6679475846976506,0.0004315975682927643
2018,Michigan,468122.79939999996,1297981.1093000001,1766103.9087,0.7349403978474984,0.00033211592845856184
2018,Minnesota,240459.58639999997,756514.0061,996973.5925,0.7588104758150853,0.0004284538521413699
2018,Mississippi,231175.97310000006,328789.3792999997,559965.3523999997,0.5871602196293312,0.000657943352282107
2018,Missouri,407411.00099999993,808573.8888000007,1215984.8898000005,0.6649538950545604,0.00042803961496374146
2018,Montana,47380.9277,183408.47819999998,230789.40589999998,0.7947005950501473,0.0008407902750357375
2018,Nebraska,109757.26749999999,229372.5033,339129.7708,0.6763561416590325,0.0008034122434851754
2018,Nevada,158044.9895,312798.08779999986,470843.0772999999,0.664336172454117,0.0006881896337216365
2018,New Hampshire,87832.82409999998,177000.0422,264832.8663,0.6683462089614517,0.0009148655769480541
2018,New Jersey,588096.3781,991203.233800001,1579299.6119000008,0.6276220334199403,0.0003846881553938904
2018,New Mexico,131094.87600000002,234774.5735999999,365869.44959999993,0.6416894710850434,0.000792737071884282
2018,New York,1460514.6256,1774997.314700002,3235511.9403000018,0.5485985981357316,0.0002766542173569979
2018,North Carolina,709784.4081999996,1124500.383600001,1834284.7918000007,0.6130456887757971,0.0003596192106965713
2018,North Dakota,32276.94709999999,102865.14720000002,135142.0943,0.7611628910504462,0.0011598301224448827
2018,Ohio,785474.0911999994,1448772.6624000003,2234246.7535999995,0.6484389694493772,0.000319425328502398
2018,Oklahoma,314872.86310000013,394685.1873000002,709558.0504000003,0.5562408700422802,0.0005898086433730289
2018,Oregon,222471.0562,591678.9919000001,814150.0481000001,0.7267444045244662,0.0004938819495288408
2018,Pennsylvania,934549.7848000008,1666758.8446000002,2601308.629400001,0.6407385981664324,0.0002974745269887243
2018,Rhode Island,75873.96979999998,113589.10640000003,189463.0762,0.5995316273662404,0.0011257134849962337
2018,South Carolina,424734.1683000001,594032.5924999997,1018766.7607999998,0.5830898841198233,0.0004884853984705274
2018,South Dakota,46139.7315,117531.90199999999,163671.6335,0.7180957352637407,0.0011121293143116367
2018,Tennessee,599210.2015000004,696430.1068999994,1295640.3084,0.5375180923168625,0.00043802781757943396
2018,Texas,1357641.5554000007,2494390.879499998,3852032.434899999,0.6475518889458037,0.00024341083898721155
2018,Utah,133316.33320000002,300367.8115999998,433684.1447999998,0.6925957870526235,0.0007006611827522928
2018,Vermont,48188.303,100151.43160000001,148339.73460000003,0.6751490547698472,0.0012159428142011666
2018,Virginia,506143.2621000001,942416.8070000003,1448560.0691000004,0.6505886963911202,0.00039614436012487276
2018,Washington,328694.1278999999,906852.9304000009,1235547.0583000008,0.7339687503669404,0.000397535087403757
2018,West Virginia,176342.8104000001,227310.22280000034,403653.0332000004,0.5631327008692972,0.0007806853548528815
2018,Wisconsin,259562.50740000006,923450.272800001,1183012.780200001,0.7805919667612397,0.0003804902940601352
2018,Wyoming,36413.357700000015,76366.668,112780.02570000003,0.6771293722093911,0.0013923037757166518
